,vPC_num,H_data,C_data
1,vPC1,3.348296905,49.78764147
2,vPC2,3.765301938,63.25855486
3,vPC3,1.281454459,30.53985117
4,vPC4,1.321192848,30.06690243
5,vPC5,3.299506658,71.52598092
6,vPC6,4.49129786,97.97489873
7,vPC7,3.834065864,74.19081702
8,vPC8,3.783724473,72.79170473
9,vPC9,3.622548667,63.88286538
10,vPC10,5.396599024,93.46542348
11,vPC11,3.665612933,62.60446891
12,vPC12,3.297893953,77.78395074
13,vPC13,3.14388993,76.07231892
14,vPC14,4.105454076,79.11898765
15,vPC15,4.031820388,75.50746319
16,vPC16,5.12332305,93.77266064
17,vPC17,3.702372051,62.49138174
18,vPC18,3.363539273,77.87464874
19,vPC19,3.73298913,61.99266261
20,vPC20,3.646528946,63.87390077
21,vPC21,3.498949738,64.34998448
22,vPC22,3.732821975,74.41895625
23,vPC23,3.371827486,71.12864798
24,vPC24,3.775539316,83.49963763
25,vPC25,3.862829182,62.58284126
26,vPC26,3.44697498,72.98862087
27,vPC28,3.378276236,73.61288901
28,vPC29,3.379431559,77.83313609
29,vPC31,3.780888439,62.52807084
30,vPC32,3.683115383,74.67766105
31,vPC33,3.76169204,56.44481097
32,vPC35,1.248930695,17.88141205
33,vPC36,3.854269772,71.03938055
34,vPC37,3.8033377,62.05162855
35,vPC38,3.71843402,74.41922639
36,vPC40,3.320417106,71.64812459
37,vPC41,3.522308434,64.21451133
38,vPC42,2.059443645,27.97554694
39,vPC43,1.020894618,19.68012059
40,vPC44,3.797493883,69.16660964
41,vPC46,4.115546623,79.07788262
42,vPC47,3.798281589,71.60545501
43,vPC48,3.793960451,56.49502648
44,vPC49,3.584400637,64.24021961
45,vPC53,0.899524488,14.31507032
46,vPC55,3.489222152,65.65779137
47,vPC57,3.388348545,71.09305267
48,vPC58,3.679124858,65.65001898
49,vPC60,3.22803404,54.5743993
50,vPC61,1.003708135,19.68577493
51,vPC62,1.600231452,25.8584491
52,vPC63,4.027922603,64.37943812
53,vPC64,3.84506776,62.63420537
54,vPC67,3.65196547,73.03393535
55,vPC68,3.633577882,64.51046278
56,vPC69,2.78348892,41.04555943
57,vPC71,3.817950978,56.57258191
58,vPC72,3.97981175,68.31131683
59,vPC73,2.603932443,41.04231396
60,vPC74,1.358862013,30.48274298
61,vPC75,4.367383195,67.30819385
62,vPC76,2.319882449,34.83735857
63,vPC77,3.30958325,49.16472216
64,vPC78,1.298554794,30.23908303
65,vPC80,3.762481905,82.96214284
66,vPC81,3.819371391,61.95384474
67,vPC82,3.429077617,77.86245001
68,vPC83,3.506371879,74.67050292
69,vPC84,3.849663789,56.65550714
70,vPC85,3.649277892,64.49384799
71,vPC86,2.807241152,41.06651769
72,vPC89,3.702397632,72.74184575
73,vPC90,3.430123496,71.05412998
74,vPC91,4.945679075,102.3044997
75,vPC92,0.944588728,17.14483691
76,vPC94,4.008707328,64.42632085
77,vPC95,3.71401938,62.02004457
78,vPC96,6.957723312,122.7723457
79,vPC97,3.649065988,62.62488517
80,vPC98,4.0514419,77.35105354
81,vPC99,2.769285322,26.39248514
82,vPC100,3.605046348,63.79769911
83,vPC102,3.659629174,73.68629774
84,vPC104,0.937541283,15.24867734
85,vPC105,0.989973142,15.92134173
86,vPC106,4.055017149,76.53947354
87,vPC107,3.721785247,64.00763956
88,vPC108,3.66942194,72.74617303
89,vPC109,3.271711401,77.67173453
90,vPC110,3.664852696,63.76090562
91,vPC111,3.429675911,73.00683542
92,vPC114,3.49856078,77.74269153
93,vPC115,1.007854955,21.06923664
94,vPC117,2.263214783,35.18034278
95,vPC118,3.807242446,64.83912389
96,vPC119,3.20744129,54.59122618
97,vPC121,1.091990226,22.56961274
98,vPC122,1.036665761,20.48136319
99,vPC123,7.161760477,116.279917
100,vPC124,3.874119305,56.64158802
101,vPC126,3.882022582,62.20416829
102,vPC127,5.16859354,102.5870259
103,vPC128,1.313757533,23.51133346
104,vPC129,4.265798673,104.1444498
105,vPC130,3.797671481,62.6472857
106,vPC131,3.191064003,74.94262221
107,vPC132,3.482739621,76.53314023
108,vPC133,3.473962844,65.64507699
109,vPC135,3.664267162,65.64651726
110,vPC136,3.363165739,73.62145585
111,vPC137,0.976528852,14.90131369
112,vPC138,5.332183891,128.9450339
113,vPC139,1.472262879,31.68964684
114,vPC140,3.415474984,73.60589308
115,vPC142,5.353760695,122.4970735
116,vPC143,3.789155227,83.52686186
117,vPC144,1.1632515,23.55986562
118,vPC145,2.344450083,34.86866213
119,vPC149,5.343292461,130.713881
120,vPC151,2.354514437,30.66791615
121,vPC154,1.226979224,24.09825471
122,vPC155,2.312259041,30.64407185
123,vPC157,3.856571094,72.23148125
124,vPC158,3.820410169,71.61039048
125,vPC159,3.189513918,54.5848023
126,vPC161,0.779062773,16.49525379
127,vPC162,1.279764476,32.83650831
128,vPC163,3.886237038,70.59885875
129,vPC164,1.329824048,30.58305729
130,vPC167,3.653877342,72.06013957
131,vPC168,1.130117186,24.08190316
132,vPC171,3.302223325,49.66146994
133,vPC174,2.175270886,32.3379681
134,vPC177,2.750356409,32.34614848
135,vPC179,0.855843909,20.03836671
136,vPC180,3.810716825,70.97853004
137,vPC182,3.712293295,61.00436355
138,vPC183,3.395545558,77.65787585
139,vPC184,2.805462009,26.3156883
140,vPC186,3.517317349,66.54769422
141,vPC187,3.210628361,74.90148942
142,vPC188,3.738417497,64.03994246
143,vPC189,2.205028046,32.34557266
144,vPC190,3.646533312,65.09222573
145,vPC193,3.781214191,70.94431854
146,vPC195,3.629373201,74.91073992
147,vPC196,3.77643238,69.16476808
148,vPC197,2.721022627,32.34503444
149,vPC198,1.305955575,32.49715656
150,vPC199,3.678024051,72.15820372
151,vPC204,4.242513197,104.4489311
152,vPC205,1.911764022,30.53351791
153,vPC210,7.246180757,130.5175316
154,vPC211,6.400500475,106.6877405
155,vPC212,3.737400924,55.47528891
156,vPC213,2.024961063,27.96070684
157,vPC215,3.400439286,79.24162067
158,vPC217,4.496020573,100.2535329
159,vPC219,3.703492728,64.98785056
160,vPC220,3.965496494,77.74195897
161,vPC221,0.946589827,20.87586472
162,vPC222,3.702870318,74.54978028
163,vPC223,3.508967616,77.5838618
164,vPC224,3.945477902,74.39601412
165,vPC225,3.943089166,70.49367714
166,vPC226,2.761288271,38.18923705
167,vPC227,3.943305988,72.00965347
168,vPC228,0.988718672,20.08631551
169,vPC229,3.651700341,67.27152536
170,vPC230,2.783299423,39.25674929
171,vPC231,0.972310354,20.78744166
172,vPC233,3.167602138,74.88488112
173,vPC234,4.015978168,84.00235717
174,vPC236,1.502886611,21.88190119
175,vPC238,5.199847199,102.130853
176,vPC239,2.441830727,39.20118686
177,vPC240,4.1282795,69.67751388
178,vPC241,3.72366605,75.84992375
179,vPC244,3.664263297,74.67000166
180,vPC245,0.833550308,19.2847314
181,vPC246,5.255891325,71.61900508
182,vPC247,1.619398368,25.8077166
183,vPC248,1.06612734,22.07825296
184,vPC249,0.963282192,15.53894928
185,vPC250,3.75172362,74.34191166
186,vPC251,0.929656484,19.15046542
187,vPC252,3.723315588,56.47220507
188,vPC254,3.890250745,56.65750495
189,vPC256,3.322243249,76.36899026
190,vPC258,3.96585487,83.00088947
191,vPC259,4.850145678,102.7341959
192,vPC261,3.525851664,81.17889425
193,vPC262,3.352655569,71.1736696
194,vPC263,3.664152713,61.82595197
195,vPC265,1.933910441,32.8101856
196,vPC266,4.523397219,100.0700579
197,vPC267,3.381654163,75.88739202
198,vPC268,5.36645426,130.7619778
199,vPC269,3.999355621,64.91360935
200,vPC271,2.206423877,31.83118926
201,vPC272,4.204545638,63.6821498
202,vPC273,3.248807792,77.70779078
203,vPC274,2.17617474,31.84294283
204,vPC275,2.794426708,41.47135752
205,vPC276,2.729978621,31.84155161
206,vPC277,2.282122337,39.20126599
207,vPC278,1.848352794,38.33482577
208,vPC279,1.579964641,25.91111963
209,vPC280,1.462814721,29.22832333
210,vPC281,3.740742224,56.65451497
211,vPC283,3.575999224,64.91977671
212,vPC285,2.864734372,45.65826636
213,vPC288,1.472658648,21.80273302
214,vPC289,1.911514011,26.31449883
215,vPC292,1.470890785,17.14343311
216,vPC293,5.308406202,128.9036776
217,vPC294,6.787501997,112.6088712
218,vPC295,3.242374107,74.94036367
219,vPC296,4.285259702,60.36793577
220,vPC297,2.700554355,31.841023
221,vPC300,4.445460513,63.7574392
222,vPC301,2.459874911,47.24867409
223,vPC302,3.477701131,77.77004797
224,vPC305,1.432374034,29.52640598
225,vPC306,4.374320374,74.15224259
226,vPC307,1.829339751,38.33256893
227,vPC308,4.688864775,86.22881275
228,vPC309,2.145854123,40.96233845
229,vPC310,3.475695233,68.8402286
230,vPC311,3.566987185,62.05875988
231,vPC312,2.762196039,41.0200809
232,vPC315,1.334450598,23.46185037
233,vPC317,1.960949116,32.90846724
234,vPC318,3.834158992,56.31213144
235,vPC320,3.828897555,56.93798047
236,vPC321,3.692995569,56.41505222
237,vPC322,4.019044617,65.08431805
238,vPC323,6.577635222,120.6202504
239,vPC324,2.339541583,47.12981912
240,vPC327,0.949023544,19.2776462
241,vPC328,2.17452256,44.62928629
242,vPC329,1.044571597,38.32810344
243,vPC330,3.533011755,79.59435754
244,vPC331,2.333880872,54.55979135
245,vPC332,1.593816885,30.54694611
246,vPC333,1.730689023,40.58937271
247,vPC335,3.749220348,62.48806302
248,vPC336,6.634902947,116.5756715
249,vPC337,3.594930743,77.75423176
250,vPC338,1.911668972,32.63012135
251,vPC339,3.557444168,63.8255865
252,vPC340,4.30991055,104.7450581
253,vPC342,3.503723628,78.46701907
254,vPC345,4.072617679,76.51717496
255,vPC347,2.538177088,31.22487024
256,vPC349,2.986545888,40.35620923
257,vPC351,3.617291466,74.17767573
258,vPC352,2.027462453,38.96305309
259,vPC353,3.492877551,68.86373304
260,vPC354,2.671113848,44.55618305
261,vPC360,3.27188264,53.73258413
262,vPC361,1.601771343,32.54207419
263,vPC362,4.002154907,71.86657748
264,vPC364,0.691736206,12.12108662
265,vPC366,3.513625572,72.21862453
266,vPC367,0.917746237,16.18825925
267,vPC369,5.107099063,77.18416661
268,vPC370,1.218643601,30.45183211
269,vPC371,1.913534527,24.00786969
270,vPC372,2.041294975,33.47486929
271,vPC374,1.054908026,21.05689226
272,vPC375,3.577173326,63.32508399
273,vPC376,0.876188105,22.92025634
274,vPC380,3.860645383,56.25368735
275,vPC381,1.747208771,25.49602209
276,vPC382,3.522624383,74.60605308
277,vPC383,2.286557298,30.56912732
278,vPC385,1.381018313,20.98993653
279,vPC386,3.587201712,79.11092592
280,vPC387,3.425155382,69.87733142
281,vPC389,3.275776318,74.80902972
282,vPC392,4.247032788,105.1246417
283,vPC393,4.490464189,104.3475318
284,vPC395,1.356150567,25.22528851
285,vPC397,1.377470762,30.44546835
286,vPC398,3.74353683,68.58303214
287,vPC400,3.63906972,62.09594468
288,vPC401,3.85716524,57.10166751
289,vPC403,3.630984393,78.84825036
290,vPC404,1.577378877,32.58425306
291,vPC405,0.865447292,12.17539142
292,vPC408,1.735963763,34.77083014
293,vPC412,1.242132419,22.26575881
294,vPC413,1.293073405,23.60449022
295,vPC414,3.694106605,88.31561275
296,vPC417,2.134485997,46.03768264
297,vPC421,0.811501632,15.58379681
298,vPC423,0.970458584,14.50260094
299,vPC424,3.901613439,56.53838379
300,vPC425,4.432429234,81.9684021
301,vPC426,5.277301844,102.2783946
302,vPC428,3.480678175,77.45874059
303,vPC430,3.886347923,74.60287368
304,vPC431,1.524998007,21.7826157
305,vPC432,1.48915619,32.88315169
306,vPC433,2.040802951,29.34392563
307,vPC434,3.305682595,77.04593122
308,vPC435,6.368020968,106.6850616
309,vPC442,3.413385991,77.85205239
310,vPC443,2.764461321,39.18962272
311,vPC444,0.901249824,21.81054227
312,vPC446,0.993082854,23.05497997
313,vPC450,3.66629672,64.91076789
314,vPC451,2.465383015,32.31196904
315,vPC452,1.064713716,19.00996957
316,vPC453,1.241559393,32.59104117
317,vPC454,2.040757338,26.94482819
318,vPC456,3.661697832,61.32123123
319,vPC457,3.952836186,72.68882397
320,vPC458,1.198409257,26.93964585
321,vPC459,3.910105416,70.86585301
322,vPC460,1.927154366,33.43394979
323,vPC462,4.112087226,84.43233904
324,vPC465,1.118306041,24.62311157
325,vPC466,1.023101646,38.32070041
326,vPC468,4.187316135,63.58802175
327,vPC469,4.162034669,63.26999633
328,vPC471,2.555539148,30.28323139
329,vPC472,3.488152458,75.43427156
330,vPC473,1.945741141,22.38291887
331,vPC474,3.912351739,61.37232104
332,vPC475,1.779866175,26.92610234
333,vPC477,3.745056034,73.73160743
334,vPC479,2.084368386,33.35448227
335,vPC481,2.190961616,28.4521986
336,vPC482,1.167104464,29.01977978
337,vPC483,4.225727817,63.45269912
338,vPC485,3.940884957,60.25653929
339,vPC486,4.06904453,58.80406951
340,vPC488,1.450470442,21.81078034
341,vPC489,0.874052082,51.40708124
342,vPC490,4.223961417,63.85330589
343,vPC491,2.316633688,49.69016963
344,vPC492,3.898995219,67.64574452
345,vPC493,1.913542396,28.94221903
346,vPC497,3.871907024,69.88759762
347,vPC498,2.080979484,21.31561869
348,vPC499,1.668443041,33.55142501
349,vPC500,2.316299559,51.88111319
350,vPC501,1.57230744,30.54982436
351,vPC502,1.02340606,17.67484815
352,vPC505,1.068601116,38.25427192
353,vPC506,3.523803834,76.53121504
354,vPC507,3.482934196,74.75348642
355,vPC508,3.108635011,49.42518251
356,vPC511,1.708618076,40.54108324
357,vPC515,3.549794586,60.39736249
358,vPC516,4.00229053,56.92712555
359,vPC517,3.216267496,77.92335599
360,vPC518,1.720347899,33.62906582
361,vPC520,3.658283767,56.45238285
362,vPC521,1.646514735,23.50216672
363,vPC522,3.690185496,55.45881392
364,vPC523,2.302214606,39.1177914
365,vPC526,1.461681348,32.91982714
366,vPC528,1.054608735,18.19432486
367,vPC529,4.001202025,61.26162628
368,vPC533,3.971457598,73.88547705
369,vPC534,0.977243843,21.88754052
370,vPC535,3.67808253,62.04125797
371,vPC536,3.852783707,77.40628951
372,vPC538,1.813543465,31.17381829
373,vPC539,1.110360659,24.05594289
374,vPC542,3.895196835,72.24310201
375,vPC543,4.10820038,65.76763123
376,vPC544,1.000801824,22.54424457
377,vPC545,4.105807278,69.85378172
378,vPC546,3.842351678,70.09567555
379,vPC550,1.323854193,26.02462701
380,vPC552,3.557358135,64.94748737
381,vPC553,0.710337597,12.3500044
382,vPC554,1.585187232,16.06221552
383,vPC555,3.586939891,87.93592749
384,vPC557,0.964429497,16.69017729
385,vPC559,1.137372282,28.75450058
386,vPC560,0.971263056,21.24813137
387,vPC562,6.684042851,115.9341787
388,vPC563,3.855652243,60.39765232
389,vPC564,3.415420165,65.20668722
390,vPC567,4.039005482,79.09917678
391,vPC568,2.805769024,39.08001337
392,vPC571,4.731609831,86.13014798
393,vPC572,4.915156498,103.5808817
394,vPC573,1.257314402,29.27857398
395,vPC575,2.301781515,34.76976869
396,vPC576,3.546771496,74.56271747
397,vPC577,2.617669279,32.71936141
398,vPC578,3.439115686,77.46121897
399,vPC579,1.119122599,19.45239257
400,vPC582,1.60903735,31.17591645
401,vPC583,1.89334704,30.53300008
402,vPC584,1.8250485,26.94635276
403,vPC585,1.517976432,15.58274139
404,vPC587,4.260860434,104.958221
405,vPC588,0.86530265,21.41107855
406,vPC593,1.364139383,21.74151906
407,vPC597,1.614095616,30.4764441
408,vPC599,1.093487009,40.58550444
409,vPC601,2.733638987,38.62143468
410,vPC603,4.897688645,102.4938529
411,vPC604,3.635660607,71.97191649
412,vPC605,4.978137146,102.5919092
413,vPC606,1.441935538,32.95915634
414,vPC607,1.262589749,23.63618663
415,vPC608,3.377693037,72.87023433
416,vPC611,2.260095811,39.30388149
417,vPC613,1.114237097,40.65207132
418,vPC614,5.084901994,95.62949309
419,vPC616,1.258479763,32.91350498
420,vPC621,1.778496905,25.53496514
421,vPC622,1.011901075,15.0498849
422,vPC625,3.774241531,56.07572466
423,vPC626,3.775990037,75.47064463
424,vPC627,4.351646023,63.14184123
425,vPC628,1.808261663,35.52807107
426,vPC629,6.745369638,105.1339782
427,vPC633,1.989432213,31.50737257
428,vPC640,4.148140055,69.70744722
429,vPC641,1.578297649,28.75357661
430,vPC642,4.286551263,104.4943631
431,vPC644,3.534534485,72.17495139
432,vPC647,3.787704425,70.04382409
433,vPC648,1.040647543,57.45023357
434,vPC649,1.806481609,33.9669391
435,vPC650,3.869298923,61.23831255
436,vPC651,1.213113799,32.56285366
437,vPC652,3.463586472,77.64994577
438,vPC654,1.018258539,57.44921373
439,vPC655,0.923112711,20.91767154
440,vPC659,1.229296992,28.1539529
441,vPC660,3.881674262,57.02807323
442,vPC662,3.733385894,71.37122759
443,vPC663,1.721103882,25.48735785
444,vPC664,3.465045843,74.96963208
445,vPC665,2.461105864,39.04630803
446,vPC666,3.58433155,62.70927247
447,vPC668,6.718190188,104.8241747
448,vPC670,3.441689343,72.05048998
449,vPC673,1.151268566,40.552607
450,vPC674,4.034032585,77.33252112
451,vPC675,3.107599166,49.78743036
452,vPC676,2.108975387,26.93541742
453,vPC678,1.132978002,40.80408522
454,vPC680,3.88791664,61.32787781
455,vPC683,3.647253002,68.47640017
456,vPC684,6.816285458,116.2710374
457,vPC685,1.342306535,25.54430024
458,vPC690,0.973905665,12.17144108
459,vPC694,2.134227083,26.96885729
460,vPC695,3.432894425,65.16319098
461,vPC696,1.091388596,21.55631759
462,vPC697,3.203477843,41.69838179
463,vPC700,1.079223947,57.28581557
464,vPC703,3.759512275,64.65901142
465,vPC704,6.755907927,115.751225
466,vPC705,1.015307506,16.27384688
467,vPC707,3.786544379,64.60352068
468,vPC710,2.420561391,39.37297842
469,vPC711,1.281610768,24.81524462
470,vPC719,1.973626164,40.68886204
471,vPC720,2.060070928,29.15812008
472,vPC721,4.580047572,85.88206527
473,vPC730,0.863722077,11.13996991
474,vPC731,3.303431135,74.6537511
475,vPC734,0.873629476,15.58044459
476,vPC735,3.608883365,78.94763654
477,vPC737,4.106124313,75.49427133
478,vPC739,1.897911339,24.30093705
479,vPC740,2.099148959,26.45996635
480,vPC742,3.712143095,71.89946321
481,vPC744,0.971898476,15.99000525
482,vPC745,6.954193111,116.9552428
483,vPC747,3.703143778,71.06884592
484,vPC753,1.511588566,31.48451698
485,vPC755,3.471592442,64.29027393
486,vPC758,0.940132133,21.77735016
487,vPC759,0.932471416,16.65055386
488,vPC761,3.442798108,74.4577478
489,vPC762,2.263771651,33.3979752
490,vPC763,3.142031693,77.85278159
491,vPC764,4.548546767,64.83472458
492,vPC767,6.652484721,104.183595
493,vPC769,2.052877211,20.62794773
494,vPC770,6.645742175,103.82885
495,vPC772,1.842620664,26.92050272
496,vPC774,6.767289402,116.5766892
497,vPC779,4.447202811,98.56637512
498,vPC780,1.030313124,15.48846357
499,vPC782,3.645409952,51.65941283
500,vPC783,1.997451912,40.83066639
501,vPC784,2.049407372,41.59907706
502,vPC785,4.429774225,63.72523087
503,vPC787,3.615649196,56.36641986
504,vPC788,1.180319587,30.50065314
505,vPC793,3.299241525,72.88369285
506,vPC795,1.18822287,32.57725289
507,vPC796,4.326712099,104.5805753
508,vPC797,6.772511324,104.9895383
509,vPC798,3.742806896,75.91243904
510,vPC799,7.121793026,117.4895424
511,vPC800,4.051215667,73.13817324
512,vPC802,2.680286821,41.10471075
513,vPC803,3.93848205,68.60900144
514,vPC805,3.498633579,60.6492909
515,vPC806,6.236717616,104.8867269
516,vPC811,2.650249318,44.64484131
517,vPC815,3.67886149,67.62626949
518,vPC820,0.872054316,20.50981312
519,vPC821,1.678697815,30.13825896
520,vPC825,1.566300797,23.88201262
521,vPC831,3.363361689,74.48575013
522,vPC833,3.539151986,62.66734043
523,vPC834,5.266842713,70.46225106
524,vPC837,1.710737159,26.10398696
525,vPC839,2.194027517,36.36853545
526,vPC840,7.101572092,117.0135079
527,vPC844,3.898129216,69.85876891
528,vPC845,3.973788483,64.56087641
529,vPC846,2.693216723,44.501831
530,vPC848,7.004527368,111.5233316
531,vPC855,3.631501282,74.07368269
532,vPC858,1.925440853,22.58211763
533,vPC860,4.878900823,100.4199903
534,vPC863,4.206459408,87.0500913
535,vPC868,4.377935733,64.81892572
536,vPC871,3.532048204,63.68949377
537,vPC873,3.704998649,56.86418801
538,vPC874,0.959439216,7.445350811
539,vPC878,6.848018832,120.6093931
540,vPC879,3.570637182,74.50274213
541,vPC880,1.359000109,34.86050105
542,vPC884,1.599801031,28.75701519
543,vPC886,1.087408563,38.21294249
544,vPC887,6.708328934,105.3805138
545,vPC888,2.118049589,53.2242589
546,vPC893,1.182790953,23.0068342
547,vPC895,3.967475027,74.78301731
548,vPC899,1.784239655,32.08531025
549,vPC900,6.955458518,116.4452691
550,vPC902,1.803771229,26.89321162
551,vPC903,3.316344424,48.85448233
552,vPC904,5.296998636,128.0686113
553,vPC905,7.141033845,112.3627241
554,vPC911,6.738730166,104.4229312
555,vPC912,1.489060047,29.10259543
556,vPC913,3.635064173,56.42262884
557,vPC914,3.23191729,71.56060451
558,vPC915,1.203815383,24.02966558
559,vPC919,4.232798488,104.0644862
560,vPC920,2.219849096,42.81387478
561,vPC922,0.997934501,17.11627357
562,vPC925,1.049408246,23.74811222
563,vPC927,3.13253396,74.80516234
564,vPC928,1.274061825,38.20446336
565,vPC929,3.714562199,69.1886568
566,vPC930,4.23251366,72.12650667
567,vPC931,2.074758725,27.28903098
568,vPC932,1.045295068,17.2962124
569,vPC935,1.363942199,37.21533523
570,vPC940,4.260062099,102.6256873
571,vPC944,1.238602154,28.87137517
572,vPC945,5.32888861,93.46731449
573,vPC952,4.200932952,101.649145
574,vPC953,1.291345448,26.36991321
575,vPC954,1.926575592,30.53045935
576,vPC955,1.587722041,31.23470278
577,vPC957,2.055139881,29.81490737
578,vPC958,4.322648404,64.80255597
579,vPC960,4.173631663,70.05669965
580,vPC963,4.925914509,73.81795826
581,vPC965,1.288192362,22.26752959
582,vPC968,1.803247685,42.2953147
583,vPC975,3.564956551,79.08740735
584,vPC976,1.357717906,26.41740643
585,vPC982,2.022742233,29.45903873
586,vPC984,6.525121814,131.2346158
587,vPC985,5.377786812,132.5716564
588,vPC986,7.330432867,130.0912794
589,vPC987,7.15167243,128.552141
590,vPC989,4.14098485,66.32983519
591,vPC990,2.331684106,33.08523059
592,vPC992,1.071615373,25.13120823
593,vPC995,1.24586989,24.0369081
594,vPC996,3.532729908,75.36118499
595,vPC997,7.166356706,130.6801479
596,vPC998,1.83340372,29.13000796
597,vPC1000,3.931098363,67.13222487
598,vPC1005,6.730710371,113.9571144
599,vPC1009,3.38434237,64.01024669
600,vPC1010,3.545492852,61.29796637
601,vPC1012,6.980412468,111.2050957
602,vPC1013,1.523193405,32.52302314
603,vPC1018,4.870613242,102.4850907
604,vPC1021,3.526212395,61.98522855
605,vPC1023,6.951608619,111.9597078
606,vPC1027,1.678162255,23.85886704
607,vPC1029,3.512549648,63.61475926
608,vPC1031,0.941823343,47.03351983
609,vPC1032,3.650977735,78.80584614
610,vPC1036,1.116045163,28.74982036
611,vPC1039,3.488335262,62.52043692
612,vPC1044,3.511338055,75.43922899
613,vPC1046,3.703392256,83.55121964
614,vPC1047,3.749746764,78.69858395
615,vPC1053,1.599198425,26.63511313
616,vPC1057,7.027824301,111.0640599
617,vPC1058,1.132705913,23.51964721
618,vPC1060,2.868568481,43.14951131
619,vPC1064,3.198769913,77.88505627
620,vPC1067,5.236313531,71.70344462
621,vPC1068,1.395598494,33.6644927
622,vPC1069,1.080042807,20.29091418
623,vPC1071,6.728524385,105.2117758
624,vPC1073,4.858294549,105.1807184
625,vPC1074,1.239434363,25.52602268
626,vPC1077,6.676369917,115.0918682
627,vPC1079,4.068548613,66.2976599
628,vPC1082,1.194930412,15.8507853
629,vPC1084,2.626140094,31.06667626
630,vPC1086,3.653305694,75.38226979
631,vPC1087,0.806345307,15.21717884
632,vPC1088,3.692199745,73.59151024
633,vPC1095,1.417917134,25.99191249
634,vPC1096,5.316163362,122.2470215
635,vPC1098,1.325341873,20.92787535
636,vPC1099,1.439621404,26.85007117
637,vPC1100,2.018370345,33.48714104
638,vPC1102,7.134311851,131.3405027
639,vPC1104,1.716936976,34.77565149
640,vPC1105,6.685394602,104.5995888
641,vPC1106,1.325112399,15.68014996
642,vPC1109,1.157086368,25.23966549
643,vPC1110,1.188009597,12.48348158
644,vPC1118,2.978548372,40.51830772
645,vPC1125,1.782789005,32.87178884
646,vPC1126,1.630332278,31.22601464
647,vPC1127,1.023212003,34.89136943
648,vPC1129,3.743564164,60.23909764
649,vPC1130,7.575039811,129.7723202
650,vPC1132,6.888094085,120.5499706
651,vPC1133,3.751636094,71.22239286
652,vPC1135,5.350299493,128.6899637
653,vPC1141,7.443642954,127.258715
654,vPC1145,4.459154731,68.01490213
655,vPC1146,1.555279484,28.75473548
656,vPC1147,1.533874891,31.64121898
657,vPC1154,3.543711295,56.35928388
658,vPC1156,6.725630901,115.5871413
659,vPC1159,3.396785427,75.75007072
660,vPC1161,1.009984312,21.61345787
661,vPC1164,3.366273956,61.75731684
662,vPC1170,1.821656905,29.72393451
663,vPC1172,1.174650878,28.10158984
664,vPC1177,3.869940493,64.76264331
665,vPC1186,1.791759222,31.16537771
666,vPC1191,3.445976954,75.1654766
667,vPC1193,3.273570288,52.68417684
668,vPC1197,3.533169074,77.49896183
669,vPC1199,3.853740876,64.80991502
670,vPC1201,6.655757712,115.9953764
671,vPC1205,6.677579226,103.876645
672,vPC1208,5.033093755,97.35005005
673,vPC1224,4.907570987,73.73675507
674,vPC1227,4.080039007,64.81735056
675,vPC1230,3.767069779,60.25078055
676,vPC1232,6.710444337,117.7836971
677,vPC1234,1.062778643,30.38934322
678,vPC1236,4.947196964,73.63425785
679,vPC1239,3.482215784,55.20167138
680,vPC1240,3.465238001,63.77304033
681,vPC1241,7.020602364,117.5014998
682,vPC1243,1.755224967,34.76332371
683,vPC1246,5.014839019,73.90114105
684,vPC1250,3.290174354,62.58227079
685,vPC1251,1.641586146,38.05492989
686,vPC1252,6.636187466,113.3936304
687,vPC1257,4.266487297,72.66407942
688,vPC1258,5.047587568,93.7692987
689,vPC1260,1.268801745,25.69245906
690,vPC1261,6.308208299,109.8933546
691,vPC1262,1.248220975,27.55582687
692,vPC1264,1.131924887,14.71617484
693,vPC1270,3.445223409,74.02819484
694,vPC1274,1.153947249,26.10011594
695,vPC1278,3.435401248,66.83673829
696,vPC1285,1.836846562,31.216613
697,vPC1286,1.975536829,21.4725733
698,vPC1291,2.297439342,54.80130081
699,vPC1293,1.241517065,26.33891602
700,vPC1296,3.437778317,63.88624804
701,vPC1298,1.019915751,14.05746322
702,vPC1299,3.455599091,55.45590809
703,vPC1301,1.115000212,26.99600925
704,vPC1302,1.178835156,20.01274731
705,vPC1307,1.275450179,27.81857797
706,vPC1311,0.952979957,23.46352403
707,vPC1316,3.48467133,78.25366868
708,vPC1318,3.54736164,70.68595118
709,vPC1319,3.240644639,53.85347223
710,vPC1326,6.98712293,108.0806996
711,vPC1331,4.367945654,63.25968106
712,vPC1332,1.038274127,12.01016567
713,vPC1342,5.085869363,73.32722269
714,vPC1345,3.741504555,67.89196617
715,vPC1352,3.378381248,74.7142914
716,vPC1356,3.333404404,74.42197489
717,vPC1362,7.059383209,109.9727474
718,vPC1364,1.966108273,27.61917957
719,vPC1367,0.818250652,16.12608703
720,vPC1372,6.588300439,121.7760196
721,vPC1374,4.207260931,64.61136707
722,vPC1380,1.972051714,24.9580587
723,vPC1383,1.103984028,12.02291963
724,vPC1394,3.383703589,62.51680737
725,vPC1395,4.198722161,72.96213097
726,vPC1397,4.407072225,105.2306165
727,vPC1408,4.906823054,100.2723386
728,vPC1411,1.273002713,52.28857303
729,vPC1413,4.103764632,68.0637887
730,vPC1418,7.028179562,111.7544159
731,vPC1427,3.644209946,61.5554552
732,vPC1433,3.583213417,54.46348711
733,vPC1436,4.164406239,65.39040785
734,vPC1451,7.07969241,112.2091835
735,vPC1463,6.919974302,102.9025395
736,vPC1464,1.052528361,15.82461035
737,vPC1473,1.746225303,42.57389178
738,vPC1479,0.773985562,22.88637154
739,vPC1481,4.336298759,72.44656729
740,vPC1485,1.782405617,41.48037116
741,vPC1487,2.041249653,11.94857664
742,vPC1489,0.799485661,15.72348143
743,vPC1492,1.039295539,16.67096184
744,vPC1498,3.78932439,79.13312602
745,vPC1503,6.796949913,105.4761974
746,vPC1511,0.90581122,8.563816146
747,vPC1522,2.075867309,11.78594353
748,vPC1528,1.177987432,20.76607464
749,vPC1530,3.695420159,71.7680485
750,vPC1539,1.599998397,23.15461902
751,vPC1541,4.026500142,71.58255616
752,vPC1551,1.320657502,22.26831813
753,vPC1556,6.755826697,105.612826
754,vPC1557,4.392458428,102.2770622
755,vPC1558,1.215877844,25.25310078
756,vPC1565,4.602658213,75.10810393
757,vPC1587,2.074220371,48.14068791
758,vPC1610,6.77107102,120.4621722
759,vPC1615,3.914542857,56.8674132
760,vPC1620,6.723012613,104.2906849
761,vPC1631,3.644615291,74.27183305
762,vPC1632,1.98449513,12.13728871
763,vPC1640,1.638850366,42.25691508
764,vPC1650,7.333132247,108.1278575
765,vPC1696,7.016704661,130.1115645
766,vPC1705,1.971314607,33.43261342
767,vPC1708,2.189534613,42.80625795
768,vPC1713,1.388755177,15.88400698
769,vPC1718,1.269311623,18.4890474
770,vPC1752,2.570182838,44.63232771
771,vPC1763,6.527271591,107.2347192
772,vPC1780,2.119320722,12.71971521
773,vPC1784,7.026175709,112.3214414
774,vPC1789,1.073795201,10.37913657
775,vPC1860,4.180482651,87.94472953
776,vPC1870,3.128827634,55.35564163
777,vPC1927,3.93626201,57.49601796
778,vPC1968,4.715458786,87.32022836
779,vPC2007,6.654944076,113.1781771
780,vPC2058,7.397781695,108.422004
781,vPC2065,7.081482037,109.9848563
782,vPC2162,3.550469275,79.6750415
783,vPC2171,4.037888651,83.53354863
784,vPC2180,5.249116072,102.3354698
785,vPC2186,4.541834748,76.70394024
786,vPC2206,4.496412648,67.73269149
787,vPC2226,3.502527533,58.93447572
788,vPC2232,5.430951812,124.5364022
789,vPC2365,4.765584952,95.48512376
